{
    "KNN_GRAPH": {
        "node_count": 16384,
        "edge_count": 125610,
        "connected_components": 1,
        "largest_component_ratio": 1.0,
        "degree_min": 4,
        "degree_max": 8,
        "degree_mean": 7.6666259765625,
        "degree_std": 0.6563946587207221,
        "edge_weight_min": 0.00019780384900514036,
        "edge_weight_max": 0.04735127091407776,
        "edge_weight_mean": 0.013313014060258865,
        "edge_weight_std": 0.00739831430837512
    },
    "GEODESIC_MATRIX": {
        "shape": [
            16384,
            16384
        ],
        "finite_ratio": 1.0,
        "inf_count": 0,
        "distance_min": 0.0003956134314648807,
        "distance_max": 2.07663977984339,
        "distance_mean": 0.8926182189735027,
        "distance_std": 0.4430033054867503,
        "distance_percentile_50": 0.8811140784528106,
        "distance_percentile_90": 1.4938817069632933,
        "distance_percentile_99": 1.848428739258089
    },
    "MDS_EMBEDDING": {
        "embedding_shape": [
            16384,
            3
        ],
        "axis_variance": [
            0.2072390556445181,
            0.20249864521054883,
            0.16554646415028268
        ],
        "embedding_norm_mean": 0.7153746630654538,
        "embedding_norm_std": 0.2520382043447742,
        "stress": 0.10453199586586329
    },
    "TRAJECTORY": {
        "trajectory_point_count": 256,
        "trajectory_total_length": 3.173585891723633,
        "step_length_min": 0.006735760252922773,
        "step_length_max": 0.012692363932728767,
        "step_length_mean": 0.012445434927940369,
        "step_length_std": 0.0007527105626650155,
        "curvature_mean": 0.20188723504543304,
        "curvature_std": 0.3146165907382965,
        "curvature_max": 1.58024263381958
    }
}