{
    "KNN_GRAPH": {
        "node_count": 16384,
        "edge_count": 126856,
        "connected_components": 3,
        "largest_component_ratio": 0.99884033203125,
        "degree_min": 3,
        "degree_max": 8,
        "degree_mean": 7.74267578125,
        "degree_std": 0.7732055007853359,
        "edge_weight_min": 0.0,
        "edge_weight_max": 0.2705037593841553,
        "edge_weight_mean": 0.02387949638068676,
        "edge_weight_std": 0.014677486382424831
    },
    "GEODESIC_MATRIX": {
        "shape": [
            16384,
            16384
        ],
        "finite_ratio": 0.997682698071003,
        "inf_count": 622046,
        "distance_min": 0.0,
        "distance_max": 3.103235960006714,
        "distance_mean": 0.9769383668899536,
        "distance_std": 0.58234703540802,
        "distance_percentile_50": 0.9346293210983276,
        "distance_percentile_90": 1.7968789339065552,
        "distance_percentile_99": 2.363389492034912
    },
    "MDS_EMBEDDING": {
        "embedding_shape": [
            16384,
            3
        ],
        "axis_variance": [
            0.5652412963778717,
            0.048861501461022055,
            0.014312139728255423
        ],
        "embedding_norm_mean": 0.7313287792988463,
        "embedding_norm_std": 0.3058972934440719,
        "stress": 0.05051453797162912
    },
    "TRAJECTORY": {
        "trajectory_point_count": 256,
        "trajectory_total_length": 2.637472629547119,
        "step_length_min": 0.008287343196570873,
        "step_length_max": 0.010405790992081165,
        "step_length_mean": 0.010343030095100403,
        "step_length_std": 0.00023443296959158033,
        "curvature_mean": 0.09454936534166336,
        "curvature_std": 0.16652777791023254,
        "curvature_max": 0.9042021632194519
    }
}